{
  "condense_model": "GCN",
  "num_experts": 200,
  "lr_teacher": 0.001,
  "teacher_epochs": 1000,
  "wd_teacher": 5e-4,
  "mom_teacher": 0,
  "optim": "Adam",
  "T": 250,
  "scheduler": "root",
  "lam": 0.8,
  "lr_student": 1.0,
  "lr_coreset": 0.001,
  "coreset_epochs": 800,
  "expert_epochs": 350,
  "soft_label": 0,
  "optim_lr": 1,
  "lr_y": 0,
  "max_start_epoch_s": 10,
  "max_start_epoch": 80,
  "min_start_epoch": 0,
  "syn_steps": 200,
  "beta": 0.05,
  "lr_feat": 0.0007,
  "init": "kcenter"
}
