{
  "condense_model": "GCN",
  "num_experts": 200,
  "lr_teacher": 0.001,
  "teacher_epochs": 1100,
  "wd_teacher": 5e-4,
  "mom_teacher": 0,
  "optim": "Adam",
  "T": 100,
  "scheduler": "root",
  "lam": 0.95,
  "lr_student": 0.2,
  "lr_coreset": 0.001,
  "coreset_epochs": 800,
  "expert_epochs": 70,
  "soft_label": 0,
  "optim_lr": 1,
  "lr_y": 0,
  "max_start_epoch_s": 10,
  "max_start_epoch": 70,
  "min_start_epoch": 0,
  "syn_steps": 300,
  "beta": 0.3,
  "epochs": 400,
  "lr_feat": 0.07,
  "tem": 1,
  "lr_tem": 0.01,
  "maxtem": 0.01,
  "init": "kcenter"
}
