{
  "condense_model": "GCN",
  "num_experts": 200,
  "lr_teacher": 1,
  "teacher_epochs": 2400,
  "wd_teacher": 0,
  "mom_teacher": 0,
  "optim": "SGD",
  "T": 1200,
  "scheduler": "root",
  "lam": 0.85,
  "lr_student": 0.1,
  "lr_coreset": 0.01,
  "coreset_epochs": 1000,
  "expert_epochs": 1900,
  "soft_label": 1,
  "optim_lr": 1,
  "lr_y": 0.001,
  "max_start_epoch_s": 200,
  "max_start_epoch": 350,
  "min_start_epoch": 0,
  "syn_steps": 2100,
  "beta": 0,
  "epochs": 400,
  "lr_feat": 0.03,
  "init": "kcenter"
}
