{
  "condense_model": "GCN",
  "num_experts": 200,
  "lr_teacher": 0.001,
  "teacher_epochs": 1000,
  "wd_teacher": 5e-4,
  "optim": "Adam",
  "T": 800,
  "scheduler": "linear",
  "lam": 0.9,
  "lr_student": 0.2,
  "lr_coreset": 0.001,
  "coreset_epochs": 1000,
  "expert_epochs": 900,
  "soft_label": 0,
  "optim_lr": 1,
  "lr_y": 0.0001,
  "max_start_epoch_s": 1,
  "max_start_epoch": 20,
  "min_start_epoch": 0,
  "syn_steps": 800,
  "beta": 0.25,
  "epochs": 3000,
  "lr_feat": 0.2,
  "tem": 1,
  "lr_tem": 0.005,
  "maxtem": 1,
  "init": "kcenter"
}
